Model_name,training_time,train_all_auc,train_batch_auc,train_all_apr,train_batch_apr,train_ctr,train_loss,train_prec,train_rec,valid_all_auc,valid_batch_auc,valid_all_apr,valid_batch_apr,valid_ctr,valid_loss,valid_prec,valid_rec,test_all_auc,test_batch_auc,test_all_apr,test_batch_apr,test_ctr,test_loss,test_prec,test_rec
LR,0.1374878210008319,0.5473085861043867,0.5550061481581641,0.0012948013264345607,0.0015500133050967973,1.0,0.00076,0.00076,0.9999999999999998,0.5524956040657032,0.5702253837952201,0.0014112572728677791,0.002059168431874622,1.0,0.00070000003,0.0007,0.9999999999999998,0.4756721133364784,0.4690306422655386,0.0009320136470513316,0.0011397707192546066,1.0,0.00070000003,0.0007,0.9999999999999998,0,10000,40,0.0075,0.9382,0.1919,"[3, 3, 3, 5, 5, 5, 5]","[1024, 32]"
LR,0.14805810899997596,0.5,0.5,0.00068,0.00068,1.0,0.99932003,0.00068,0.9999999999999998,0.5,0.5,0.00052,0.00052,1.0,0.99947995,0.00052,0.9999999999999998,0.5,0.5,0.0006,0.0006000000000000001,1.0,0.9994,0.0006000000000000001,0.9999999999999998,0,10000,40,0.0075,0.9382,0.1919,"[3, 3, 3, 5, 5, 5, 5]","[1024, 32]"
